AgentId, Run0, Run1, Run2, Run3, Run4, Run5, Run6, Run7, Run8, Run9
0, false, false, false, false, false, false, false, false, false, false
1, true, true, false, true, true, true, true, true, true, true
2, true, true, true, false, true, true, false, false, false, true
3, true, true, true, true, false, false, true, true, true, false
4, true, false, true, false, true, true, false, true, true, true
5, false, true, false, true, true, true, false, false, false, false
6, true, true, true, false, false, true, true, false, false, true
7, true, false, true, true, true, true, true, true, false, true
8, true, true, false, false, false, true, false, true, true, true
9, false, false, true, true, true, true, false, true, true, false
10, false, true, true, true, true, false, true, true, false, true
11, true, true, true, true, false, false, false, true, true, true
12, false, true, true, false, true, true, true, false, true, true
13, true, false, false, false, true, false, false, true, false, false
14, true, true, false, false, true, true, true, false, true, true
15, true, false, false, true, true, true, true, false, true, true
16, true, false, true, false, true, false, true, false, true, false
17, true, false, true, true, true, true, true, true, true, false
18, true, false, false, false, true, true, false, true, false, true
19, true, true, false, true, true, true, false, true, true, false
20, true, false, false, false, false, true, true, false, false, false
21, false, true, true, true, false, false, false, true, false, false
22, false, true, true, true, true, true, false, false, false, true
23, false, true, false, true, true, false, true, false, false, false
24, true, false, true, true, false, true, false, false, true, true
25, false, false, true, false, true, false, true, true, true, true
26, false, true, false, true, false, false, true, false, false, true
27, true, false, false, true, true, true, true, true, true, false
28, false, true, false, false, true, false, true, false, false, true
29, true, true, true, true, true, true, true, true, false, true
30, false, false, true, false, false, false, true, false, true, true
31, false, false, true, false, true, false, true, true, true, false
32, false, true, false, true, true, true, false, true, false, true
33, false, true, true, false, false, false, false, false, true, true
34, true, false, false, false, false, true, false, false, false, true
35, true, true, true, true, true, false, true, true, true, true
36, true, false, true, false, true, false, true, false, false, false
37, false, true, true, true, true, false, false, true, true, true
38, true, false, true, true, true, false, false, true, true, true
39, true, true, true, false, false, false, true, true, true, false
40, false, true, true, true, true, false, true, false, true, false
41, true, true, true, true, true, true, true, true, true, true
42, false, true, false, true, false, false, true, true, true, false
43, true, false, true, false, true, true, false, false, false, false
44, false, false, true, true, false, false, true, false, true, true
45, true, false, true, false, true, false, false, true, true, false
46, true, false, true, false, true, true, false, true, false, false
47, true, true, true, true, true, true, false, false, false, true
48, true, true, false, false, false, true, true, false, false, false
49, false, true, false, false, false, true, true, false, true, false
50, false, true, true, true, true, true, true, true, true, true
51, false, true, true, true, true, true, false, false, true, false
52, true, true, false, false, true, false, false, true, false, true
53, false, false, true, false, false, true, false, false, true, false
54, true, true, false, true, true, true, true, true, true, false
55, true, true, true, true, false, false, true, false, false, true
56, true, true, true, false, false, true, true, true, true, true
57, false, true, true, false, true, false, false, true, false, true
58, true, false, false, true, true, false, false, true, false, true
59, false, true, false, true, false, true, true, true, true, false
60, false, false, false, false, true, false, true, false, true, true
61, false, true, false, true, true, true, false, false, true, false
62, false, true, true, false, true, true, false, true, true, false
63, false, true, false, true, true, false, true, true, false, false
64, false, false, false, false, true, false, true, false, true, true
65, true, true, true, false, false, true, true, true, false, true
66, false, true, false, true, false, true, true, false, false, true
67, true, false, false, false, true, true, true, false, true, false
68, false, false, false, true, false, false, false, true, true, true
69, true, false, false, false, false, true, false, false, true, true
70, true, false, true, true, true, true, false, true, true, true
71, true, true, true, true, true, false, true, true, true, true
72, true, false, false, false, true, false, true, false, true, true
73, false, true, true, true, false, true, false, false, false, true
74, false, true, false, false, true, false, true, true, false, true
75, true, true, true, true, false, false, false, false, false, false
76, false, true, false, false, false, true, true, true, false, true
77, true, false, true, true, false, true, true, true, true, true
78, false, true, false, true, true, true, true, false, false, false
79, false, false, false, true, true, false, true, true, true, false
80, true, true, false, true, false, true, true, true, true, true
81, true, false, true, true, true, false, false, false, true, true
82, true, true, false, false, true, true, true, false, false, true
83, true, true, false, true, true, true, false, true, true, true
84, true, false, true, false, true, true, true, false, true, false
85, true, true, true, true, true, true, true, true, true, true
86, true, false, true, false, false, true, false, false, true, true
87, true, false, true, false, true, true, false, true, false, false
88, true, true, true, true, false, false, false, false, false, true
89, true, true, true, false, false, false, true, false, false, true
90, false, false, false, true, true, true, true, true, false, false
91, false, true, true, false, true, true, false, true, false, true
92, true, false, true, true, true, true, true, false, false, false
93, false, true, false, false, false, true, false, false, false, true
94, false, false, true, true, false, true, false, true, true, false
95, true, true, false, true, true, false, true, false, true, true
96, false, true, false, true, false, true, true, true, true, true
97, false, true, false, true, true, false, true, false, false, true
98, true, false, false, false, false, false, true, true, false, true
99, false, true, true, false, true, true, true, false, false, false
100, true, false, true, true, true, false, true, true, false, false
101, false, true, true, false, false, false, false, false, false, false
102, false, true, true, false, false, false, true, true, true, true
103, false, false, false, true, false, true, true, false, true, false
104, true, false, true, false, true, false, true, true, true, false
105, false, true, true, false, false, false, true, true, false, false
106, false, false, true, true, false, false, true, true, false, true
107, true, true, false, true, true, true, false, true, true, false
108, false, true, false, true, true, false, false, true, false, true
109, true, true, false, false, true, false, true, true, false, false
110, true, false, false, true, true, false, true, true, true, false
111, false, false, true, false, false, false, true, true, true, true
112, true, true, true, true, true, true, true, true, true, true
113, false, true, false, true, true, true, false, true, true, true
114, true, true, false, true, true, false, true, false, true, true
115, false, false, true, true, false, false, false, false, true, false
116, true, false, false, false, false, true, false, true, true, true
117, true, true, true, true, true, true, false, true, true, true
118, true, true, true, false, true, false, true, true, true, false
119, false, false, true, false, true, true, false, false, true, false
120, false, false, false, false, true, false, false, true, false, false
121, false, true, true, false, true, true, true, false, true, true
122, true, false, true, true, true, true, false, false, true, false
123, false, true, true, false, true, false, true, true, false, true
124, true, true, false, true, false, true, false, true, false, true
125, false, false, true, true, false, true, true, false, true, false
126, true, false, false, false, true, false, true, true, true, true
127, true, false, false, true, false, false, false, true, true, true
128, true, true, true, true, false, true, false, true, false, false
129, true, true, true, true, false, false, true, false, true, true
130, false, false, false, true, true, true, true, false, false, false
131, false, false, false, false, true, true, true, false, true, false
132, false, true, false, true, true, false, true, false, false, true
133, true, false, true, false, true, false, false, true, true, true
134, true, false, true, false, true, true, true, true, true, false
135, false, true, false, false, false, true, false, false, true, false
136, false, false, true, true, false, true, true, false, false, false
137, true, true, false, true, true, false, false, false, false, false
138, false, true, true, true, true, true, true, true, false, false
139, true, true, true, false, true, false, false, false, true, true
140, true, true, true, true, true, true, false, true, false, true
141, true, false, false, false, false, false, true, true, true, false
142, true, true, true, true, false, true, false, true, true, true
143, true, false, false, false, true, true, false, true, true, true
144, true, true, true, false, false, false, true, false, true, true
145, true, true, true, true, true, false, true, false, false, true
146, false, true, false, true, true, false, true, false, false, true
147, true, true, true, false, true, true, false, false, false, true
148, true, false, false, false, false, false, true, false, false, true
149, true, true, true, true, true, true, false, true, true, false
150, false, false, true, true, false, true, false, true, false, true
151, false, true, false, true, false, false, true, true, false, false
152, true, true, false, false, false, false, true, true, true, false
153, false, false, true, true, true, true, true, true, true, true
154, false, true, true, true, false, true, true, true, true, true
155, false, false, false, true, false, true, true, true, true, true
156, true, true, true, false, true, false, true, true, false, true
157, false, false, false, false, true, true, false, false, true, true
158, false, true, true, true, false, true, true, false, true, false
159, true, true, false, false, true, true, false, true, true, true
160, true, false, true, true, false, false, false, true, false, true
161, true, false, true, false, true, false, false, true, false, false
162, true, true, true, true, true, true, false, false, true, false
163, false, true, true, true, false, true, true, false, true, false
164, true, false, false, false, true, true, true, false, true, true
165, true, true, false, true, false, false, true, true, true, true
166, true, true, true, false, false, false, true, true, true, true
167, true, true, true, true, false, true, false, false, false, false
168, false, false, false, false, true, true, true, true, false, false
169, false, true, false, true, true, true, true, false, true, true
170, true, true, true, false, false, false, false, true, true, true
171, true, false, true, false, false, false, true, false, false, true
172, true, false, false, false, false, true, true, true, false, true
173, true, true, true, true, false, true, false, false, true, true
174, true, false, false, true, false, false, true, true, true, false
175, false, false, true, true, true, false, true, true, true, true
176, false, false, false, false, true, false, false, false, true, true
177, false, true, false, true, false, false, false, false, false, true
178, true, false, false, false, true, true, true, false, false, true
179, false, true, true, true, true, true, true, false, false, true
180, true, false, false, true, false, true, true, true, true, true
181, false, false, true, true, false, true, false, true, false, true
182, false, true, true, true, true, false, true, true, true, true
183, false, true, true, false, true, false, false, false, false, false
184, false, true, false, true, true, true, false, true, true, true
185, true, true, true, true, true, true, false, false, false, false
186, true, false, true, false, true, true, true, false, false, false
187, true, true, false, false, true, false, true, false, false, false
188, false, true, true, true, false, true, false, true, false, true
189, true, true, true, false, true, true, false, false, false, true
190, true, true, true, true, true, false, false, true, true, true
191, true, false, true, true, true, false, true, true, true, true
192, true, false, false, true, false, true, false, true, false, true
193, false, false, false, false, false, false, false, true, true, true
194, true, true, false, false, false, false, true, true, true, false
195, true, true, false, false, false, true, true, true, true, false
196, false, false, true, false, true, false, false, true, false, true
197, false, false, true, false, true, false, false, true, true, true
198, true, true, true, true, true, false, false, true, false, true
199, true, false, true, true, true, true, false, true, true, true
200, false, false, false, true, true, true, true, true, false, true
201, true, true, true, true, true, false, true, false, false, true
202, false, true, false, true, false, true, true, true, true, false
203, true, false, true, true, false, true, true, false, false, true
204, false, true, false, true, false, true, true, false, false, true
205, false, false, true, true, true, true, true, false, true, false
206, true, false, false, true, false, true, true, true, false, true
207, true, true, true, true, false, false, true, true, true, false
208, true, true, true, true, true, true, false, false, false, false
209, false, true, false, true, true, true, true, true, true, false
210, false, true, true, true, true, false, true, true, true, false
211, true, false, false, false, true, true, false, true, true, true
212, false, true, false, false, false, false, false, false, true, false
213, false, true, true, true, false, true, false, true, false, false
214, true, true, false, true, false, false, true, true, true, false
215, false, true, true, false, true, false, false, false, true, false
216, true, true, true, false, false, true, false, true, false, true
217, true, false, false, false, false, true, false, true, true, true
218, false, true, true, true, true, true, true, true, true, true
219, false, true, false, true, true, true, true, false, true, true
220, true, false, true, true, true, true, true, false, false, true
221, true, false, true, true, true, false, false, true, true, true
222, false, true, true, true, true, false, true, false, true, false
223, false, true, false, false, true, true, false, false, true, true
224, false, true, false, false, false, true, true, false, false, false
225, true, true, false, true, true, false, true, false, false, false
226, true, true, false, true, true, false, true, true, false, false
227, false, true, true, true, true, false, true, true, true, true
228, true, true, true, true, false, false, true, true, false, true
229, false, false, false, false, true, false, true, true, true, false
230, false, false, false, true, false, true, true, false, true, false
231, true, false, false, false, true, true, true, true, false, true
232, true, false, true, true, true, true, true, false, true, true
233, false, true, true, true, false, true, false, true, false, true
234, true, false, false, false, true, false, true, false, true, true
235, true, true, false, false, false, true, true, false, true, false
236, true, true, true, true, false, true, true, true, false, true
237, false, true, false, false, true, true, true, false, false, true
238, false, false, true, false, true, false, true, false, false, true
239, true, false, true, true, true, true, false, false, false, false
240, true, false, false, true, true, false, false, false, false, true
241, false, true, true, false, true, false, false, true, true, false
242, false, true, true, false, false, false, true, false, false, false
243, false, true, true, true, true, false, true, false, true, true
244, true, true, false, true, false, true, false, true, false, false
245, true, false, true, true, true, true, true, true, false, false
246, false, true, true, true, true, true, false, false, false, true
247, true, true, false, true, false, false, false, true, false, true
248, true, false, true, false, true, false, false, false, true, true
249, true, true, false, true, true, true, true, false, true, false
250, false, true, false, true, false, false, true, true, false, false
251, false, false, true, true, false, true, false, false, false, true
252, true, false, false, true, false, true, true, false, false, false
253, true, false, false, true, true, false, false, true, true, false
254, true, false, true, true, false, true, false, false, false, true
255, false, true, false, false, true, false, false, true, false, false
256, true, true, false, false, false, true, true, true, true, true
257, false, true, false, true, true, true, false, true, true, true
258, true, false, true, false, true, true, false, true, true, true
259, false, false, false, true, false, true, true, false, true, true
260, true, true, true, false, false, true, true, true, true, false
261, false, true, false, true, true, false, true, false, false, true
262, false, false, true, false, true, false, false, false, false, false
263, false, false, true, true, true, false, false, true, true, true
264, true, true, false, false, true, true, true, true, true, true
265, true, false, false, false, false, true, true, true, true, false
266, true, true, true, true, true, true, false, true, true, true
267, false, true, true, true, false, true, false, true, false, false
268, false, true, true, false, false, false, true, true, true, true
269, true, true, true, true, true, false, true, true, true, true
270, true, true, false, false, false, false, true, true, true, false
271, true, true, true, false, false, false, false, true, true, true
272, false, true, true, true, false, true, true, false, false, false
273, true, true, false, true, true, false, false, true, false, false
274, false, false, true, true, true, false, false, false, false, true
275, false, true, false, true, true, false, true, true, false, false
276, false, false, true, true, true, true, true, false, true, false
277, true, false, false, false, false, false, false, false, true, true
278, true, true, false, true, false, true, true, false, false, true
279, true, false, true, true, false, false, false, false, false, true
280, true, false, true, true, true, false, true, true, true, true
281, false, true, true, false, true, false, false, true, true, true
282, false, false, false, false, true, false, true, true, false, false
283, false, false, true, true, true, true, true, false, false, true
284, true, false, true, true, true, false, false, false, true, true
285, true, false, false, true, true, true, true, true, false, true
286, true, false, true, true, false, false, true, true, false, false
287, true, false, false, true, true, true, false, false, false, true
288, false, false, true, false, false, false, true, false, true, true
289, false, false, true, false, false, true, true, false, true, true
290, false, true, true, true, true, true, true, true, true, true
291, false, false, false, true, false, false, false, false, false, true
292, true, false, true, true, true, true, true, true, true, true
293, true, false, true, false, true, true, true, true, false, false
294, true, true, true, true, false, false, true, false, false, false
295, true, false, true, false, true, true, false, true, false, true
296, true, false, false, true, true, false, false, false, true, true
297, false, false, true, true, false, true, false, false, false, false
298, true, true, true, false, false, true, true, false, false, true
299, true, true, false, true, true, true, true, true, true, false
300, true, true, true, false, false, false, true, false, false, true
301, true, false, true, false, false, true, false, true, true, true
302, false, true, true, true, false, false, false, false, false, true
303, false, false, true, true, false, false, false, false, false, true
304, false, true, false, true, true, false, false, true, true, false
305, true, true, false, false, false, true, true, true, true, true
306, false, false, false, true, false, false, true, true, true, true
307, false, true, true, false, true, true, false, true, true, false
308, false, true, false, false, true, false, true, true, false, true
309, true, false, true, true, true, true, false, true, true, false
310, true, true, false, true, true, true, false, false, false, true
311, true, true, false, true, false, true, true, true, true, true
312, false, true, true, true, true, true, true, true, false, true
313, true, true, true, true, true, false, false, false, true, false
314, true, false, true, true, true, true, false, true, true, true
315, true, false, false, false, true, false, true, true, false, false
316, false, true, false, false, false, true, false, true, true, true
317, true, false, true, false, true, false, false, true, true, false
318, false, true, false, true, false, true, true, true, false, false
319, true, true, false, true, true, true, false, true, true, true
320, true, false, true, false, true, false, false, false, false, true
321, false, false, false, false, true, true, false, false, true, false
322, true, true, false, false, false, true, false, true, true, true
323, false, false, true, false, false, true, false, true, false, false
324, true, true, false, true, true, true, false, false, true, false
325, false, false, false, true, true, false, true, true, true, false
326, false, true, true, false, false, false, true, false, true, false
327, true, true, false, false, true, true, true, true, true, true
328, true, true, false, false, false, false, true, true, true, false
329, false, true, true, false, true, true, true, false, false, true
330, true, true, false, true, false, true, true, false, true, true
331, false, false, true, false, false, true, true, true, false, true
332, false, true, false, true, true, false, false, true, false, false
333, true, false, true, true, false, true, true, false, true, true
334, false, true, true, true, true, false, true, false, true, false
335, false, true, false, false, true, true, true, false, true, false
336, true, false, false, true, true, false, false, true, false, true
337, false, true, false, false, true, false, false, false, false, false
338, false, true, false, false, true, false, false, true, true, true
339, true, true, true, false, true, false, true, false, true, true
340, true, false, false, true, false, true, true, true, true, true
341, true, false, true, true, true, false, false, true, false, false
342, true, true, false, false, true, true, false, false, false, true
343, true, true, false, true, true, false, true, false, true, false
344, false, false, false, true, false, true, true, true, false, true
345, false, false, false, true, false, true, true, false, false, true
346, false, false, true, false, false, false, true, false, false, true
347, true, false, false, false, true, true, true, false, true, true
348, true, true, true, false, false, false, false, false, true, true
349, true, false, true, false, true, false, true, false, true, false
350, false, false, false, false, true, true, true, true, true, true
351, true, false, false, true, true, false, true, true, true, true
352, true, true, true, true, true, true, false, true, true, true
353, false, true, false, true, true, true, true, true, true, false
354, true, true, true, false, false, false, false, false, true, false
355, false, false, false, true, true, false, true, true, true, true
356, false, true, true, false, false, true, true, false, false, true
357, false, true, false, true, false, true, false, false, false, false
358, false, true, true, false, false, true, false, true, false, false
359, true, true, true, true, false, true, false, false, true, false
360, true, true, false, true, false, true, false, false, true, false
361, true, false, false, true, true, false, true, true, false, true
362, true, false, true, false, false, true, false, true, true, false
363, true, true, false, true, false, false, true, false, true, false
364, false, false, true, false, false, false, false, true, true, true
365, false, false, true, false, false, true, true, true, true, false
366, true, false, false, true, false, false, false, true, true, false
367, true, false, true, false, false, true, false, false, true, true
368, true, true, true, true, true, true, true, false, false, false
369, false, true, false, false, true, true, true, true, true, false
370, false, true, true, true, true, true, false, false, false, true
371, false, true, false, false, false, false, false, true, false, false
372, true, false, true, true, true, true, true, true, false, true
373, true, true, false, true, true, true, false, true, true, true
374, true, false, true, true, true, true, true, true, false, true
375, false, false, false, true, true, true, true, false, false, false
376, true, true, true, false, true, true, false, false, true, true
377, true, false, false, true, false, true, true, true, false, true
378, true, true, true, true, true, false, false, false, false, true
379, true, false, true, false, true, false, true, true, false, true
380, false, false, false, false, false, true, false, true, false, true
381, true, true, true, true, false, false, true, true, true, true
382, false, false, true, true, true, true, true, true, true, true
383, true, true, false, true, false, false, false, true, false, false
384, false, true, true, true, true, true, true, false, true, false
385, true, true, false, true, true, true, true, true, true, true
386, false, true, false, true, true, false, false, false, true, true
387, true, false, true, true, false, false, false, false, true, false
388, true, true, true, false, false, false, true, false, true, false
389, false, true, false, true, true, true, true, false, true, false
390, true, true, true, false, true, false, true, true, true, false
391, false, true, false, false, true, true, false, true, false, true
392, false, false, true, true, true, false, false, false, false, false
393, true, false, false, true, true, false, true, true, true, true
394, true, false, true, true, false, true, true, true, false, true
395, false, true, false, true, true, true, true, true, true, true
396, false, false, true, true, false, true, false, false, false, false
397, true, true, true, false, true, false, true, true, true, true
398, false, true, true, true, true, true, true, false, false, true
399, true, false, false, false, true, false, false, true, false, true
400, false, false, true, true, false, true, true, true, true, true
401, false, true, false, true, true, true, true, false, false, true
402, true, true, false, false, true, false, true, false, false, true
403, true, true, true, true, false, false, true, true, true, false
404, false, true, true, true, false, false, true, true, true, false
405, true, false, false, false, true, false, true, false, true, false
406, true, false, true, true, false, true, false, true, true, true
407, true, false, true, true, false, false, true, false, true, false
408, false, true, true, false, false, true, true, true, false, true
409, false, true, true, false, true, true, true, false, false, true
410, false, true, true, false, false, true, false, false, true, true
411, false, false, false, true, false, true, false, false, false, false
412, true, true, true, true, true, false, true, true, true, false
413, false, true, true, false, false, false, false, true, true, true
414, false, true, true, true, true, true, true, true, false, false
415, false, false, false, false, true, false, true, false, false, false
416, true, true, true, false, false, true, true, true, false, true
417, true, true, false, true, true, true, false, true, false, false
418, false, true, false, true, false, true, true, false, true, true
419, false, false, false, false, true, true, true, false, false, true
420, true, false, false, true, false, true, true, true, true, false
421, true, true, false, false, false, true, false, true, true, true
422, false, false, false, false, false, false, false, true, true, true
423, true, false, false, false, true, false, true, false, true, false
424, false, false, false, true, true, true, false, true, true, true
425, false, false, true, false, false, true, false, false, true, true
426, true, true, false, false, true, false, false, false, true, true
427, true, true, true, false, true, true, true, true, true, true
428, true, false, true, true, true, true, true, true, true, true
429, true, true, true, true, true, true, false, true, false, true
430, true, true, false, false, false, true, true, true, false, false
431, true, false, true, false, true, false, true, true, false, true
432, true, true, true, true, false, false, true, false, true, true
433, true, true, false, true, false, false, false, true, true, true
434, true, false, true, false, true, true, false, true, true, true
435, true, true, true, true, false, true, true, false, false, false
436, true, true, true, true, false, false, false, false, false, false
437, true, true, false, false, true, true, false, true, true, false
438, false, false, true, true, false, false, false, false, true, false
439, true, false, true, true, true, false, true, true, false, true
440, false, false, false, true, false, true, true, true, false, false
441, true, false, false, true, true, true, true, false, true, false
442, false, false, true, true, true, true, false, true, true, true
443, false, true, true, false, false, true, false, false, false, true
444, true, true, true, false, false, true, false, true, false, true
445, true, false, false, true, false, true, false, true, true, true
446, false, true, false, true, false, false, false, false, true, false
447, false, true, true, false, true, true, true, true, true, false
448, false, false, false, false, true, true, true, true, true, false
449, true, false, false, false, true, true, false, true, false, true
450, false, true, false, false, true, true, true, true, true, false
451, false, true, true, true, true, false, false, true, true, false
452, false, true, true, false, false, true, true, false, true, true
453, false, false, false, false, true, true, false, true, false, true
454, true, false, true, true, false, true, false, false, true, false
455, true, true, true, false, true, true, true, true, true, true
456, false, false, false, false, false, true, true, true, false, true
457, false, false, false, false, true, true, true, true, true, false
458, true, true, false, false, false, false, false, true, false, false
459, true, false, false, true, true, true, true, true, true, true
460, true, true, true, false, false, false, false, true, true, false
461, true, true, true, true, false, true, false, false, true, false
462, false, false, false, true, true, false, true, true, true, false
463, false, false, false, true, false, false, true, false, true, false
464, false, true, true, false, true, true, false, false, true, true
465, true, false, false, false, false, false, false, true, false, true
466, true, false, true, true, true, false, true, true, true, true
467, true, true, true, true, true, true, true, false, false, false
468, true, true, true, true, true, false, true, false, false, false
469, false, false, true, false, true, false, false, true, true, false
470, true, true, false, false, true, true, true, true, false, false
471, false, true, true, true, false, true, false, true, true, true
472, true, false, false, true, true, true, false, false, true, false
473, false, true, false, true, false, true, false, false, false, true
474, true, true, true, true, false, false, true, false, true, false
475, false, true, false, true, false, false, true, true, true, true
476, true, false, true, false, true, true, true, true, false, true
477, false, true, true, false, false, false, true, true, true, true
478, true, false, true, true, false, true, true, true, false, false
479, false, false, true, true, false, true, true, true, false, true
480, true, true, true, false, true, true, true, true, false, false
481, true, false, false, true, true, false, true, false, false, false
482, true, true, false, true, true, true, true, true, true, false
483, false, true, false, true, false, false, true, false, false, true
484, false, true, true, true, false, true, false, true, false, true
485, true, false, false, false, true, true, false, false, true, true
486, true, true, false, true, false, false, true, false, true, true
487, true, true, true, false, true, false, false, true, false, false
488, true, true, true, true, true, false, false, false, false, true
489, true, true, true, true, false, true, true, true, true, true
490, false, true, true, true, false, true, true, false, false, false
491, false, true, false, false, true, true, false, true, false, false
492, false, true, false, false, true, true, false, false, false, true
493, false, false, true, true, true, false, true, true, true, true
494, false, true, false, false, true, false, true, true, false, false
495, false, false, false, true, true, true, true, false, true, false
496, true, false, true, false, true, false, false, true, true, true
497, true, false, true, false, true, true, false, true, false, false
498, true, true, true, false, false, false, false, false, false, false
499, false, false, true, true, true, true, false, false, false, false
500, true, true, false, false, false, true, true, false, false, true
501, false, false, false, true, true, true, true, true, false, true
502, false, false, false, false, true, true, true, false, false, false
503, false, true, true, true, false, true, true, true, false, true
504, true, true, true, true, false, true, true, true, true, false
505, true, false, false, true, true, false, false, false, false, true
506, false, true, true, true, false, false, true, false, false, false
507, false, true, true, false, false, true, true, false, false, true
508, false, false, false, true, true, true, true, true, false, false
509, false, true, false, true, false, true, false, false, false, false
510, true, false, true, true, true, true, true, true, false, true
511, true, false, true, false, false, true, false, false, true, false
512, false, false, true, true, false, true, false, true, true, true
513, false, true, false, true, true, true, true, false, false, true
514, true, true, true, true, false, true, true, false, false, true
515, true, true, false, true, true, false, false, false, false, true
516, false, false, false, true, false, true, false, true, true, true
517, true, false, false, false, true, false, true, true, true, true
518, false, true, false, false, true, false, false, true, true, false
519, true, false, false, false, false, true, false, true, false, false
520, true, false, false, false, false, true, true, false, false, false
521, true, true, true, false, true, false, true, false, true, false
522, false, false, false, false, true, true, false, false, false, false
523, false, true, true, false, true, false, true, true, true, false
524, true, true, false, false, true, true, true, true, false, false
525, false, true, true, true, false, false, false, true, false, false
526, true, false, true, false, false, false, false, true, false, true
527, false, true, false, false, false, false, true, false, true, true
528, false, true, false, false, true, true, false, true, true, true
529, true, true, true, true, false, true, false, false, true, false
530, true, true, false, false, true, false, false, true, false, true
531, true, false, true, true, true, true, false, false, false, true
532, true, false, true, true, false, true, true, false, true, false
533, true, true, false, true, false, true, false, true, false, true
534, false, false, true, false, false, false, true, false, false, true
535, true, true, false, false, true, true, true, true, true, true
536, true, false, true, true, true, true, false, false, true, false
537, true, false, true, true, false, true, true, true, false, false
538, false, true, true, false, false, true, true, false, true, false
539, true, false, false, true, true, true, false, true, true, false
540, true, false, true, true, false, true, true, false, false, true
541, true, true, true, false, true, true, false, true, true, true
542, false, true, true, true, false, true, false, false, false, true
543, true, false, false, false, true, true, true, true, true, false
544, false, false, true, true, true, false, false, true, false, true
545, false, false, false, true, true, false, true, false, true, true
546, false, true, true, true, true, true, false, true, true, false
547, false, false, false, false, true, false, false, true, true, true
548, true, false, true, false, true, false, false, true, false, true
549, true, true, true, false, false, true, false, true, false, true
550, true, true, false, false, false, true, true, true, true, false
551, false, false, true, false, true, true, false, false, true, false
552, true, true, true, false, false, false, true, true, true, false
553, false, true, true, true, false, true, true, true, true, true
554, true, true, true, true, true, true, true, true, true, false
555, true, false, true, false, false, true, false, true, true, false
556, true, false, false, false, true, false, false, true, false, false
557, true, false, false, true, true, true, true, false, false, true
558, false, true, true, false, false, false, false, true, true, false
559, true, false, true, true, true, false, true, false, true, true
560, false, true, false, true, false, false, true, false, true, false
561, true, true, true, false, false, true, false, true, true, true
562, false, true, false, false, true, true, false, false, true, true
563, true, true, true, false, false, true, true, true, true, true
564, true, true, false, false, true, true, false, false, true, true
565, true, true, false, true, true, false, true, true, true, false
566, false, true, false, true, false, false, true, false, true, false
567, true, false, true, false, false, true, true, true, false, true
568, true, true, true, false, true, true, true, false, false, false
569, false, false, true, true, false, true, false, true, true, true
570, true, false, true, true, false, false, true, true, false, true
571, true, false, false, true, false, true, false, false, false, false
572, true, false, true, false, false, true, true, true, true, true
573, false, false, false, false, false, true, false, true, false, false
574, false, true, true, true, true, true, false, false, true, false
575, true, true, false, true, false, true, true, false, false, false
576, true, false, true, false, false, false, false, false, true, false
577, true, true, true, true, false, false, true, false, true, true
578, true, false, true, false, true, true, false, true, false, true
579, true, true, false, true, true, false, false, false, true, false
580, true, true, false, true, true, true, false, true, true, true
581, true, false, false, false, true, false, false, true, false, false
582, false, true, true, false, true, false, true, false, true, false
583, true, false, false, false, false, true, false, true, false, true
584, true, false, false, true, true, true, true, false, true, true
585, false, true, true, true, true, true, true, true, false, false
586, false, true, false, true, false, true, false, true, true, false
587, true, true, false, true, true, false, false, true, false, true
588, false, true, true, false, false, false, true, true, false, true
589, true, false, false, false, true, true, true, true, true, false
590, true, true, false, false, true, true, true, true, true, true
591, true, false, true, true, true, false, false, true, true, false
592, true, true, true, true, true, false, true, true, false, true
593, false, false, true, false, true, false, true, true, false, false
594, false, false, true, true, false, false, true, true, false, true
595, true, true, true, false, true, false, false, true, true, true
596, true, false, true, false, true, false, true, true, true, false
597, true, true, true, true, true, true, false, false, true, true
598, true, false, false, true, false, true, true, true, true, true
599, true, true, true, true, true, true, false, false, true, true
600, true, true, true, true, true, true, true, true, true, true
601, false, true, true, true, true, true, true, true, false, false
602, false, false, true, true, false, true, true, true, false, false
603, true, true, true, true, false, true, true, true, true, true
604, true, true, true, true, false, true, true, true, true, true
605, true, true, true, false, true, true, true, false, false, true
606, true, false, true, true, true, true, false, true, true, true
607, true, false, true, true, true, true, true, false, true, true
608, true, false, false, true, true, true, true, true, true, false
609, false, true, true, true, false, true, true, false, true, true
610, true, true, true, true, true, true, false, true, true, false
611, true, true, true, true, true, true, false, true, true, true
612, true, true, true, false, false, true, true, true, true, true
613, true, false, true, true, true, true, true, true, true, true
614, true, true, true, true, true, true, true, true, true, true
615, true, true, true, false, true, true, true, true, true, true
616, true, true, true, true, true, false, true, true, true, true
617, true, true, true, true, true, true, true, true, true, true
618, true, true, true, true, true, true, true, true, true, true
619, true, true, true, true, true, true, true, true, true, true
620, true, true, true, true, true, true, true, true, true, true
621, true, true, true, true, true, true, true, true, true, true
622, true, true, true, true, true, true, true, true, true, true
623, true, true, true, true, true, true, true, true, true, true
624, true, true, true, true, true, true, true, true, true, true
625, true, true, true, true, true, true, true, true, true, true
626, true, true, true, true, true, true, true, true, true, true
627, true, true, true, true, true, true, true, true, true, true
628, true, true, true, true, true, true, true, true, true, true
629, true, true, true, true, true, true, true, true, true, true
630, true, true, true, true, true, true, true, true, true, true
631, true, true, true, true, true, true, true, true, true, true
632, true, true, true, true, true, true, true, true, true, true
633, true, true, true, true, true, true, true, true, true, true
634, true, true, true, true, true, true, true, true, true, true
635, true, true, true, true, true, true, true, true, true, true
636, true, true, true, true, true, true, true, true, true, true
637, true, true, true, true, true, true, true, true, true, true
638, true, true, true, true, true, true, true, true, true, true
639, true, true, true, true, true, true, true, true, true, true
640, true, true, true, true, true, true, true, true, true, true
641, true, true, true, true, true, true, true, true, true, true
642, true, true, true, true, true, true, true, true, true, true
643, true, true, true, true, true, true, true, true, true, true
644, true, true, true, true, true, true, true, true, true, true
645, true, true, true, true, true, true, true, true, true, true
646, true, true, true, true, true, true, true, true, true, true
647, true, true, true, true, true, true, true, true, true, true
648, true, true, true, true, true, true, true, true, true, true
649, true, true, true, true, true, true, true, true, true, true
650, true, true, true, true, true, true, true, true, true, true
651, true, true, true, true, true, true, true, true, true, true
652, true, true, true, true, true, true, true, true, true, true
653, true, true, true, true, true, true, true, true, true, true
654, true, true, true, true, true, true, true, true, true, true
655, true, true, true, true, true, true, true, true, true, true
656, true, true, true, true, true, true, true, true, true, true
657, true, true, true, true, true, true, true, true, true, true
658, true, true, true, true, true, true, true, true, true, true
659, true, true, true, true, true, true, true, true, true, true
660, true, true, true, true, true, true, true, true, true, true
661, true, true, true, true, true, true, true, true, true, true
662, true, true, true, true, true, true, true, true, true, true
663, true, true, true, true, true, true, true, true, true, true
664, true, true, true, true, true, true, true, true, true, true
665, true, true, true, true, true, true, true, true, true, true
666, true, true, true, true, true, true, true, true, true, true
667, true, true, true, true, true, true, true, true, true, true
668, true, true, true, true, true, true, true, true, true, true
669, true, true, true, true, true, true, true, true, true, true
670, true, true, true, true, true, true, true, true, true, true
671, true, true, true, true, true, true, true, true, true, true
672, true, true, true, true, true, true, true, true, true, true
673, true, true, true, true, true, true, true, true, true, true
674, true, true, true, true, true, true, true, true, true, true
675, true, true, true, true, true, true, true, true, true, true
676, true, true, true, true, true, true, true, true, true, true
677, true, true, true, true, true, true, true, true, true, true
678, true, true, true, true, true, true, true, true, true, true
679, true, true, true, true, true, true, true, true, true, true
680, true, true, true, true, true, true, true, true, true, true
681, true, true, true, true, true, true, true, true, true, true
682, true, true, true, true, true, true, true, true, true, true
683, true, true, true, true, true, true, true, true, true, true
684, true, true, true, true, true, true, true, true, true, true
685, true, true, true, true, true, true, true, true, true, true
686, true, true, true, true, true, true, true, true, true, true
687, true, true, true, true, true, true, true, true, true, true
688, true, true, true, true, true, true, true, true, true, true
689, true, true, true, true, true, true, true, true, true, true
690, true, true, true, true, true, true, true, true, true, true
691, true, true, true, true, true, true, true, true, true, true
692, true, true, true, true, true, true, true, true, true, true
693, true, true, true, true, true, true, true, true, true, true
694, true, true, true, true, true, true, true, true, true, true
695, true, true, true, true, true, true, true, true, true, true
696, true, true, true, true, true, true, true, true, true, true
697, true, true, true, true, true, true, true, true, true, true
698, true, true, true, true, true, true, true, true, true, true
699, true, true, true, true, true, true, true, true, true, true
700, true, true, true, true, true, true, true, true, true, true
701, true, true, true, true, true, true, true, true, true, true
702, true, true, true, true, true, true, true, true, true, true
703, true, true, true, true, true, true, true, true, true, true
704, true, true, true, true, true, true, true, true, true, true
705, true, true, true, true, true, true, true, true, true, true
706, true, true, true, true, true, true, true, true, true, true
707, true, true, true, true, true, true, true, true, true, true
708, true, true, true, true, true, true, true, true, true, true
709, true, true, true, true, true, true, true, true, true, true
710, true, true, true, true, true, true, true, true, true, true
711, true, true, true, true, true, true, true, true, true, true
712, true, true, true, true, true, true, true, true, true, true
713, true, true, true, true, true, true, true, true, true, true
714, true, true, true, true, true, true, true, true, true, true
715, true, true, true, true, true, true, true, true, true, true
716, true, true, true, true, true, true, true, true, true, true
717, true, true, true, true, true, true, true, true, true, true
718, true, true, true, true, true, true, true, true, true, true
719, true, true, true, true, true, true, true, true, true, true
720, true, true, true, true, true, true, true, true, true, true
721, true, true, true, true, true, true, true, true, true, true
722, true, true, true, true, true, true, true, true, true, true
723, true, true, true, true, true, true, true, true, true, true
724, true, true, true, true, true, true, true, true, true, true
725, true, true, true, true, true, true, true, true, true, true
726, true, true, true, true, true, true, true, true, true, true
727, true, true, true, true, true, true, true, true, true, true
728, true, true, true, true, true, true, true, true, true, true
729, true, true, true, true, true, true, true, true, true, true
730, true, true, true, true, true, true, true, true, true, true
731, true, true, true, true, true, true, true, true, true, true
732, true, true, true, true, true, true, true, true, true, true
733, true, true, true, true, true, true, true, true, true, true
734, true, true, true, true, true, true, true, true, true, true
735, true, true, true, true, true, true, true, true, true, true
736, true, true, true, true, true, true, true, true, true, true
737, true, true, true, true, true, true, true, true, true, true
738, true, true, true, true, true, true, true, true, true, true
739, true, true, true, true, true, true, true, true, true, true
740, true, true, true, true, true, true, true, true, true, true
741, true, true, true, true, true, true, true, true, true, true
742, true, true, true, true, true, true, true, true, true, true
743, true, true, true, true, true, true, true, true, true, true
744, true, true, true, true, true, true, true, true, true, true
745, true, true, true, true, true, true, true, true, true, true
746, true, true, true, true, true, true, true, true, true, true
747, true, true, true, true, true, true, true, true, true, true
748, true, true, true, true, true, true, true, true, true, true
749, true, true, true, true, true, true, true, true, true, true
750, true, true, true, true, true, true, true, true, true, true
751, true, true, true, true, true, true, true, true, true, true
752, true, true, true, true, true, true, true, true, true, true
753, true, true, true, true, true, true, true, true, true, true
754, true, true, true, true, true, true, true, true, true, true
755, true, true, true, true, true, true, true, true, true, true
756, true, true, true, true, true, true, true, true, true, true
757, true, true, true, true, true, true, true, true, true, true
758, true, true, true, true, true, true, true, true, true, true
759, true, true, true, true, true, true, true, true, true, true
760, true, true, true, true, true, true, true, true, true, true
761, true, true, true, true, true, true, true, true, true, true
762, true, true, true, true, true, true, true, true, true, true
763, true, true, true, true, true, true, true, true, true, true
764, true, true, true, true, true, true, true, true, true, true
765, true, true, true, true, true, true, true, true, true, true
766, true, true, true, true, true, true, true, true, true, true
767, true, true, true, true, true, true, true, true, true, true
768, true, true, true, true, true, true, true, true, true, true
769, true, true, true, true, true, true, true, true, true, true
770, true, true, true, true, true, true, true, true, true, true
771, true, true, true, true, true, true, true, true, true, true
772, true, true, true, true, true, true, true, true, true, true
773, true, true, true, true, true, true, true, true, true, true
774, true, true, true, true, true, true, true, true, true, true
775, true, true, true, true, true, true, true, true, true, true
776, true, true, true, true, true, true, true, true, true, true
777, true, true, true, true, true, true, true, true, true, true
778, true, true, true, true, true, true, true, true, true, true
779, true, true, true, true, true, true, true, true, true, true
780, true, true, true, true, true, true, true, true, true, true
781, true, true, true, true, true, true, true, true, true, true
782, true, true, true, true, true, true, true, true, true, true
783, true, true, true, true, true, true, true, true, true, true
784, true, true, true, true, true, true, true, true, true, true
785, true, true, true, true, true, true, true, true, true, true
786, true, true, true, true, true, true, true, true, true, true
787, true, true, true, true, true, true, true, true, true, true
788, true, true, true, true, true, true, true, true, true, true
789, true, true, true, true, true, true, true, true, true, true
790, true, true, true, true, true, true, true, true, true, true
791, true, true, true, true, true, true, true, true, true, true
792, true, true, true, true, true, true, true, true, true, true
793, true, true, true, true, true, true, true, true, true, true
794, true, true, true, true, true, true, true, true, true, true
795, true, true, true, true, true, true, true, true, true, true
796, true, true, true, true, true, true, true, true, true, true
797, true, true, true, true, true, true, true, true, true, true
798, true, true, true, true, true, true, true, true, true, true
799, true, true, true, true, true, true, true, true, true, true
800, true, true, true, true, true, true, true, true, true, true
801, true, true, true, true, true, true, true, true, true, true
802, true, true, true, true, true, true, true, true, true, true
803, true, true, true, true, true, true, true, true, true, true
804, true, true, true, true, true, true, true, true, true, true
805, true, true, true, true, true, true, true, true, true, true
806, true, true, true, true, true, true, true, true, true, true
807, true, true, true, true, true, true, true, true, true, true
808, true, true, true, true, true, true, true, true, true, true
809, true, true, true, true, true, true, true, true, true, true
810, true, true, true, true, true, true, true, true, true, true
811, true, true, true, true, true, true, true, true, true, true
812, true, true, true, true, true, true, true, true, true, true
813, true, true, true, true, true, true, true, true, true, true
814, true, true, true, true, true, true, true, true, true, true
815, true, true, true, true, true, true, true, true, true, true
816, true, true, true, true, true, true, true, true, true, true
817, true, true, true, true, true, true, true, true, true, true
818, true, true, true, true, true, true, true, true, true, true
819, true, true, true, true, true, true, true, true, true, true
820, true, true, true, true, true, true, true, true, true, true
821, true, true, true, true, true, true, true, true, true, true
822, true, true, true, true, true, true, true, true, true, true
823, true, true, true, true, true, true, true, true, true, true
824, true, true, true, true, true, true, true, true, true, true
825, true, true, true, true, true, true, true, true, true, true
826, true, true, true, true, true, true, true, true, true, true
827, true, true, true, true, true, true, true, true, true, true
828, true, true, true, true, true, true, true, true, true, true
829, true, true, true, true, true, true, true, true, true, true
830, true, true, true, true, true, true, true, true, true, true
831, true, true, true, true, true, true, true, true, true, true
832, true, true, true, true, true, true, true, true, true, true
833, true, true, true, true, true, true, true, true, true, true
834, true, true, true, true, true, true, true, true, true, true
835, true, true, true, true, true, true, true, true, true, true
836, true, true, true, true, true, true, true, true, true, true
837, true, true, true, true, true, true, true, true, true, true
838, true, true, true, true, true, true, true, true, true, true
839, true, true, true, true, true, true, true, true, true, true
840, true, true, true, true, true, true, true, true, true, true
841, true, true, true, true, true, true, true, true, true, true
842, true, true, true, true, true, true, true, true, true, true
843, true, true, true, true, true, true, true, true, true, true
844, true, true, true, true, true, true, true, true, true, true
845, true, true, true, true, true, true, true, true, true, true
846, true, true, true, true, true, true, true, true, true, true
847, true, true, true, true, true, true, true, true, true, true
848, true, true, true, true, true, true, true, true, true, true
849, true, true, true, true, true, true, true, true, true, true
850, true, true, true, true, true, true, true, true, true, true
851, true, true, true, true, true, true, true, true, true, true
852, true, true, true, true, true, true, true, true, true, true
853, true, true, true, true, true, true, true, true, true, true
854, true, true, true, true, true, true, true, true, true, true
855, true, true, true, true, true, true, true, true, true, true
856, true, true, true, true, true, true, true, true, true, true
857, true, true, true, true, true, true, true, true, true, true
858, true, true, true, true, true, true, true, true, true, true
859, true, true, true, true, true, true, true, true, true, true
860, true, true, true, true, true, true, true, true, true, true
861, true, true, true, true, true, true, true, true, true, true
862, true, true, true, true, true, true, true, true, true, true
863, true, true, true, true, true, true, true, true, true, true
864, true, true, true, true, true, true, true, true, true, true
865, true, true, true, true, true, true, true, true, true, true
866, true, true, true, true, true, true, true, true, true, true
867, true, true, true, true, true, true, true, true, true, true
868, true, true, true, true, true, true, true, true, true, true
869, true, true, true, true, true, true, true, true, true, true
870, true, true, true, true, true, true, true, true, true, true
871, true, true, true, true, true, true, true, true, true, true
872, true, true, true, true, true, true, true, true, true, true
873, true, true, true, true, true, true, true, true, true, true
874, true, true, true, true, true, true, true, true, true, true
875, true, true, true, true, true, true, true, true, true, true
876, true, true, true, true, true, true, true, true, true, true
877, true, true, true, true, true, true, true, true, true, true
878, true, true, true, true, true, true, true, true, true, true
879, true, true, true, true, true, true, true, true, true, true
880, true, true, true, true, true, true, true, true, true, true
881, true, true, true, true, true, true, true, true, true, true
882, true, true, true, true, true, true, true, true, true, true
883, true, true, true, true, true, true, true, true, true, true
884, true, true, true, true, true, true, true, true, true, true
885, true, true, true, true, true, true, true, true, true, true
886, true, true, true, true, true, true, true, true, true, true
887, true, true, true, true, true, true, true, true, true, true
888, true, true, true, true, true, true, true, true, true, true
889, true, true, true, true, true, true, true, true, true, true
890, true, true, true, true, true, true, true, true, true, true
891, true, true, true, true, true, true, true, true, true, true
892, true, true, true, true, true, true, true, true, true, true
893, true, true, true, true, true, true, true, true, true, true
894, true, true, true, true, true, true, true, true, true, true
895, true, true, true, true, true, true, true, true, true, true
896, true, true, true, true, true, true, true, true, true, true
897, true, true, true, true, true, true, true, true, true, true
898, true, true, true, true, true, true, true, true, true, true
899, true, true, true, true, true, true, true, true, true, true
900, true, true, true, true, true, true, true, true, true, true
901, true, true, true, true, true, true, true, true, true, true
902, true, true, true, true, true, true, true, true, true, true
903, true, true, true, true, true, true, true, true, true, true
904, true, true, true, true, true, true, true, true, true, true
905, true, true, true, true, true, true, true, true, true, true
906, true, true, true, true, true, true, true, true, true, true
907, true, true, true, true, true, true, true, true, true, true
908, true, true, true, true, true, true, true, true, true, true
909, true, true, true, true, true, true, true, true, true, true
910, true, true, true, true, true, true, true, true, true, true
911, true, true, true, true, true, true, true, true, true, true
912, true, true, true, true, true, true, true, true, true, true
913, true, true, true, true, true, true, true, true, true, true
914, true, true, true, true, true, true, true, true, true, true
915, true, true, true, true, true, true, true, true, true, true
916, true, true, true, true, true, true, true, true, true, true
917, true, true, true, true, true, true, true, true, true, true
918, true, true, true, true, true, true, true, true, true, true
919, true, true, true, true, true, true, true, true, true, true
920, true, true, true, true, true, true, true, true, true, true
921, true, true, true, true, true, true, true, true, true, true
922, true, true, true, true, true, true, true, true, true, true
923, true, true, true, true, true, true, true, true, true, true
924, true, true, true, true, true, true, true, true, true, true
925, true, true, true, true, true, true, true, true, true, true
926, true, true, true, true, true, true, true, true, true, true
927, true, true, true, true, true, true, true, true, true, true
928, true, true, true, true, true, true, true, true, true, true
929, true, true, true, true, true, true, true, true, true, true
930, true, true, true, true, true, true, true, true, true, true
931, true, true, true, true, true, true, true, true, true, true
932, true, true, true, true, true, true, true, true, true, true
933, true, true, true, true, true, true, true, true, true, true
934, true, true, true, true, true, true, true, true, true, true
935, true, true, true, true, true, true, true, true, true, true
936, true, true, true, true, true, true, true, true, true, true
937, true, true, true, true, true, true, true, true, true, true
938, true, true, true, true, true, true, true, true, true, true
939, true, true, true, true, true, true, true, true, true, true
940, true, true, true, true, true, true, true, true, true, true
941, true, true, true, true, true, true, true, true, true, true
942, true, true, true, true, true, true, true, true, true, true
943, true, true, true, true, true, true, true, true, true, true
944, true, true, true, true, true, true, true, true, true, true
945, true, true, true, true, true, true, true, true, true, true
946, true, true, true, true, true, true, true, true, true, true
947, true, true, true, true, true, true, true, true, true, true
948, true, true, true, true, true, true, true, true, true, true
949, true, true, true, true, true, true, true, true, true, true
950, true, true, true, true, true, true, true, true, true, true
951, true, true, true, true, true, true, true, true, true, true
952, true, true, true, true, true, true, true, true, true, true
953, true, true, true, true, true, true, true, true, true, true
954, true, true, true, true, true, true, true, true, true, true
955, true, true, true, true, true, true, true, true, true, true
956, true, true, true, true, true, true, true, true, true, true
957, true, true, true, true, true, true, true, true, true, true
958, true, true, true, true, true, true, true, true, true, true
959, true, true, true, true, true, true, true, true, true, true
960, true, true, true, true, true, true, true, true, true, true
961, true, true, true, true, true, true, true, true, true, true
962, true, true, true, true, true, true, true, true, true, true
963, true, true, true, true, true, true, true, true, true, true
964, true, true, true, true, true, true, true, true, true, true
965, true, true, true, true, true, true, true, true, true, true
966, true, true, true, true, true, true, true, true, true, true
967, true, true, true, true, true, true, true, true, true, true
968, true, true, true, true, true, true, true, true, true, true
969, true, true, true, true, true, true, true, true, true, true
970, true, true, true, true, true, true, true, true, true, true
971, true, true, true, true, true, true, true, true, true, true
972, true, true, true, true, true, true, true, true, true, true
973, true, true, true, true, true, true, true, true, true, true
974, true, true, true, true, true, true, true, true, true, true
975, true, true, true, true, true, true, true, true, true, true
976, true, true, true, true, true, true, true, true, true, true
977, true, true, true, true, true, true, true, true, true, true
978, true, true, true, true, true, true, true, true, true, true
979, true, true, true, true, true, true, true, true, true, true
980, true, true, true, true, true, true, true, true, true, true
981, true, true, true, true, true, true, true, true, true, true
982, true, true, true, true, true, true, true, true, true, true
983, true, true, true, true, true, true, true, true, true, true
984, true, true, true, true, true, true, true, true, true, true
985, true, true, true, true, true, true, true, true, true, true
986, true, true, true, true, true, true, true, true, true, true
987, true, true, true, true, true, true, true, true, true, true
988, true, true, true, true, true, true, true, true, true, true
989, true, true, true, true, true, true, true, true, true, true
990, true, true, true, true, true, true, true, true, true, true
991, true, true, true, true, true, true, true, true, true, true
992, true, true, true, true, true, true, true, true, true, true
993, true, true, true, true, true, true, true, true, true, true
994, true, true, true, true, true, true, true, true, true, true
995, true, true, true, true, true, true, true, true, true, true
996, true, true, true, true, true, true, true, true, true, true
997, true, true, true, true, true, true, true, true, true, true
998, true, true, true, true, true, true, true, true, true, true
999, true, true, true, true, true, true, true, true, true, true

